App;Architecture;Scenario;Interval_ms;Run;Avg_Latency_ms;Min_Latency_ms;Max_Latency_ms;P50_Latency_ms;P95_Latency_ms;P99_Latency_ms;Latency_Samples;Total_Updates;Measured_Duration_ms;CPU_Modal_percent;CPU_Peak_percent;RAM_Peak_MB;Total_Frames_Rendered;Janky_Frames_Count;Janky_Frames_Percent;Frame_P50_ms;Frame_P90_ms;Frame_P95_ms;Frame_P99_ms;Missed_Vsync_Count;Slow_UI_Thread_Count;Slow_Draw_Commands_Count
RN;Legacy;Real-time updates;50;1;56,03;21,48;128,17;41,41;102,71;123,29;1999;1200;60037;18;23;163,7;1404;234;16,67;15;22;22;23;0;234;234
RN;Legacy;Real-time updates;50;2;70,72;21,29;128,34;82,98;121,48;124,3;1200;1200;59994;19;24;166,1;1359;338;24,87;18;22;22;23;0;338;336
RN;Legacy;Real-time updates;50;3;63,27;21,09;128,97;59,09;119,96;124,17;1200;1200;60012;17;22;166;1381;297;21,51;16;22;22;24;0;297;297
RN;Legacy;Real-time updates;50;4;63,95;22,07;129,35;62,02;119,92;124,44;1200;1200;60022;20;24;165,9;1401;311;22,2;16;22;22;23;0;311;311
RN;Legacy;Real-time updates;50;5;59,11;21,73;132,13;45,77;102,04;124,1;1200;1200;60079;19;23;166,5;1384;257;18,57;15;22;22;23;1;256;257
RN;Legacy;Real-time updates;100;1;32,22;24,48;36,78;34,93;35,83;36,45;599;600;60023;7;8;164,3;760;11;1,45;14;17;18;22;1;11;7
RN;Legacy;Real-time updates;100;2;31,79;24,59;36,72;35;35,77;36,29;599;600;60013;5;6;166,1;754;5;0,66;14;16;17;19;0;5;5
RN;Legacy;Real-time updates;100;3;31,16;24,54;37,39;32,41;35,73;36,32;599;600;60022;5;7;167,5;755;3;0,4;14;16;17;18;0;3;2
RN;Legacy;Real-time updates;100;4;31,05;24,64;36,92;30,1;35,84;36,31;599;600;60003;5;6;165,8;742;4;0,54;14;16;17;19;0;4;4
RN;Legacy;Real-time updates;100;5;31,15;24,69;36,97;31,01;35,6;36,23;599;600;60017;6;7;166;758;3;0,4;14;16;17;19;0;3;3
RN;Legacy;Real-time updates;200;1;36,25;30,39;39,79;36,36;37,26;37,7;299;300;60015;3;5;166,7;427;10;2,34;16;18;18;24;1;10;3
RN;Legacy;Real-time updates;200;2;36,27;33,54;39,9;36,34;37,34;37,85;299;300;60018;3;4;168,1;428;13;3,04;17;18;19;22;2;13;3
RN;Legacy;Real-time updates;200;3;35,5;32,22;40,81;35,62;36,37;37,15;299;300;60014;3;5;167,3;379;8;2,11;16;18;18;20;0;8;0
RN;Legacy;Real-time updates;200;4;35,48;29,39;38,05;35,6;36,54;36,94;299;300;60022;3;4;166,2;378;4;1,06;16;17;18;19;0;3;0
RN;Legacy;Real-time updates;200;5;35,58;33,39;41,11;35,62;36,53;38,62;299;300;60024;3;5;167,4;381;6;1,57;16;18;18;20;0;6;0
RN;Legacy;Real-time updates;1000;1;36,55;32,55;55,29;35,59;54,13;55,29;59;60;60014;1;5;141,1;102;16;15,69;15;21;22;23;0;15;0
RN;Legacy;Real-time updates;1000;2;36,92;32,67;54,73;35,94;53,7;53,73;59;60;60027;1;3;145,1;102;10;9,8;16;18;21;27;0;10;0
RN;Legacy;Real-time updates;1000;3;36,36;33,94;54,45;35,83;38,09;54,45;59;60;60015;1;3;147,6;101;7;6,93;15;18;21;22;0;7;0
RN;Legacy;Real-time updates;1000;4;36,02;32,12;55,51;35,38;40,42;55,51;59;60;59998;1;3;146,8;103;8;7,77;16;19;21;28;0;8;0
RN;Legacy;Real-time updates;1000;5;36,16;32,9;53,84;35,35;41,24;53,84;59;60;60024;1;4;148;103;12;11,65;16;21;22;28;0;12;2
RN;New Architecture;Real-time updates;50;1;30,17;19,93;69,88;22,65;58,61;66,03;1200;1201;60004;14;19;177,8;1393;344;24,69;16;27;29;31;1;344;344
RN;New Architecture;Real-time updates;50;2;35,19;18,69;69,77;28,04;61,34;65,49;1200;1201;60007;14;19;173,3;1405;599;42,63;18;28;30;32;0;599;593
RN;New Architecture;Real-time updates;50;3;37,32;19,14;67,84;32,73;60,55;63,92;1199;1200;59998;15;21;178,1;1401;643;45,9;18;28;30;32;0;643;639
RN;New Architecture;Real-time updates;50;4;37,06;19;73,37;32,67;63,01;66,81;1200;1200;60006;17;23;183,2;1403;718;51,18;22;29;31;34;1;718;713
RN;New Architecture;Real-time updates;50;5;36,02;18,98;70,48;30,34;62,79;66,91;1200;1200;60017;18;22;176,4;1397;644;46,1;19;29;30;34;1;644;639
RN;New Architecture;Real-time updates;100;1;22,26;19,07;28,36;21,82;25,87;27,14;600;600;60000;5;6;175,4;743;21;2,83;16;18;18;21;0;21;11
RN;New Architecture;Real-time updates;100;2;22,28;19,27;28,67;21,9;25,68;27,14;600;600;60009;5;7;175,3;720;17;2,36;16;18;19;21;0;17;10
RN;New Architecture;Real-time updates;100;3;22,24;19,24;31,26;21,92;25,78;27,49;600;600;60012;5;7;174,6;724;20;2,76;16;18;18;20;0;20;9
RN;New Architecture;Real-time updates;100;4;22,3;19,05;27,57;21,99;25,86;27,07;600;600;60005;6;6;177,1;726;32;4,41;16;18;19;23;0;32;17
RN;New Architecture;Real-time updates;100;5;22,35;19,32;27,86;22,02;25,78;27,53;600;600;59993;5;6;176,4;731;28;3,83;16;18;19;22;0;28;11
RN;New Architecture;Real-time updates;200;1;22,56;18,84;30,45;22,11;26,4;28,15;300;301;60000;3;3;173,6;377;19;5,04;17;18;19;21;0;19;0
RN;New Architecture;Real-time updates;200;2;22,97;20,18;29,63;22,52;27,02;28,65;300;301;60007;2;3;177,4;757;38;5,02;17;18;19;22;0;38;0
RN;New Architecture;Real-time updates;200;3;22,87;19,92;28,44;22,44;27,24;28,27;300;301;60012;3;5;175,9;378;29;7,67;17;19;20;22;0;29;0
RN;New Architecture;Real-time updates;200;4;22,88;19,31;28,77;22,45;27,07;28,47;300;300;60002;2;3;174,4;380;16;4,21;17;18;19;21;0;16;0
RN;New Architecture;Real-time updates;200;5;22,78;20,26;28,79;22,32;26,78;28,29;300;300;60008;3;4;175;380;16;4,21;17;18;19;21;0;16;0
RN;New Architecture;Real-time updates;1000;1;22,34;20,13;27,27;21,58;26,5;27,27;60;61;59994;1;4;175,3;101;12;11,88;16;21;27;28;0;12;0
RN;New Architecture;Real-time updates;1000;2;22,01;18,65;28,49;21,33;27,49;28,49;60;61;59995;0;4;174,4;109;16;14,68;16;21;27;28;0;16;1
RN;New Architecture;Real-time updates;1000;3;22,12;20;28,27;21,26;27,19;28,27;59;60;60000;0;3;174,5;103;3;2,91;16;18;19;20;0;3;0
RN;New Architecture;Real-time updates;1000;4;22,03;19,82;28,06;21,49;25,87;28,06;60;60;59994;1;4;174,3;103;13;12,62;16;21;27;29;0;13;1
RN;New Architecture;Real-time updates;1000;5;22,6;19,82;32,94;21,57;28,7;32,94;60;60;60003;0;3;175,2;101;11;10,89;16;20;27;28;0;11;0
Native;Android;Real-time updates;50;1;5,06;0;10;5;9;10;1200;1200;60000;3;4;136,7;2948;44;1,49;17;18;19;20;0;44;43
Native;Android;Real-time updates;50;2;4,057;0;11;4;9;9;1200;1200;60000;4;5;133,1;2948;44;1,49;17;18;19;20;0;44;43
Native;Android;Real-time updates;50;3;4,82;0;11;5;9;10;1200;1200;60000;3;5;134,1;1469;4;0,27;17;17;17;19;0;3;4
Native;Android;Real-time updates;50;4;5,76;0;10;7;9;10;1200;1200;59999;4;5;135,2;1475;4;0,27;17;17;17;19;0;4;4
Native;Android;Real-time updates;50;5;5,36;0;11;6;9;10;1200;1200;60000;3;4;133,8;1470;1;0,07;17;17;17;18;0;1;1
Native;Android;Real-time updates;100;1;5,08;1;17;5;10;11;600;600;60000;1;1;128,7;779;0;0;11;12;12;13;0;0;0
Native;Android;Real-time updates;100;2;5,42;1;17;5;10;12;600;600;60000;0;1;128,4;783;0;0;11;12;12;13;0;0;0
Native;Android;Real-time updates;100;3;6,02;0;17;6;10;12;600;600;60000;1;1;128,6;782;0;0;11;12;12;13;0;0;0
Native;Android;Real-time updates;100;4;6,08;0;16;6;11;12;600;600;60000;1;1;128,7;783;0;0;11;11;12;13;0;0;0
Native;Android;Real-time updates;100;5;5,75;1;18;5;10;16;600;600;60000;1;1;128,9;773;0;0;11;11;12;13;0;0;0
Native;Android;Real-time updates;200;1;9,3;1;19;9;17;18;600;600;60000;0;0;135,7;432;0;0;12;13;13;16;0;0;0
Native;Android;Real-time updates;200;2;10,19;1;18;10;17;18;300;300;60002;0;0;134,9;432;0;0;12;13;13;14;0;0;0
Native;Android;Real-time updates;200;3;9,22;1;19;9;17;18;300;300;60000;0;0;135,2;432;0;0;12;13;13;13;0;0;0
Native;Android;Real-time updates;200;4;9,43;1;19;10;17;18;300;300;60000;0;0;135,7;431;0;0;12;13;13;14;0;0;0
Native;Android;Real-time updates;200;5;9,76;1;19;10;18;19;300;300;59999;0;0;134,9;432;0;0;12;13;13;14;0;0;0
Native;Android;Real-time updates;1000;1;9,33;1;18;8;18;18;60;60;60000;0;0;134,9;157;6;3,82;8;18;19;20;0;5;0
Native;Android;Real-time updates;1000;2;11,37;1;18;14;17;18;60;60;60000;0;0;135,1;157;0;0;9;12;18;19;0;0;0
Native;Android;Real-time updates;1000;3;7,93;2;19;6;17;19;60;60;60000;0;0;134,8;157;1;0,64;8;12;13;14;0;1;0
Native;Android;Real-time updates;1000;4;12,57;1;18;15;18;18;60;60;60000;0;0;136,2;158;5;3,16;9;13;19;20;0;1;1
Native;Android;Real-time updates;1000;5;10,98;1;18;12;17;18;60;60;60000;0;0;135,4;156;2;1,28;9;12;18;20;0;1;0
